company name,rating,reviews,salaries,interviews,job,benifits,photo
TCS,3.8,75k,8.6L,7.6k,1.1k,11.6k,77
Accenture,4.0,46.8k,5.9L,5.4k,40.4k,7.2k,38
Cognizant,3.9,42k,5.7L,4.3k,591,5.9k,61
Wipro,3.8,40.4k,4.3L,4.3k,233,5.1k,79
Capgemini,3.8,34.6k,4.3L,3.5k,616,4.1k,37
HDFC Bank,4.0,33.8k,1.3L,1.8k,184,3.3k,7
ICICI Bank,4.0,33.4k,1.4L,2.1k,39,3.8k,46
Infosys,3.8,32.6k,4.6L,5.7k,1.1k,5.2k,89
HCLTech,3.7,29.3k,3L,2.9k,201,4.1k,34
Tech Mahindra,3.7,27.8k,2.5L,2.8k,628,3.6k,44
Genpact,3.9,26.3k,1.9L,2.3k,538,3.7k,38
Axis Bank,3.9,22k,96.2k,1.2k,220,2.2k,66
Teleperformance,3.8,22.9k,85.3k,1.4k,253,2.1k,25
Concentrix Corporation,3.9,21.7k,1.1L,1.3k,84,3.3k,42
Jio,4.0,20.3k,65.6k,1.3k,192,2.6k,43
Amazon,4.1,21.1k,1.2L,3.9k,140,4.3k,73
IBM,4.1,19.4k,2.2L,1.8k,1.9k,2.8k,18
Reliance Retail,4.0,19.2k,60k,1.3k,165,2k,88
HDB Financial Services,4.0,17.7k,49.5k,654,132,1.5k,29
Larsen & Toubro Limited,4.1,16.1k,77.8k,1.2k,106,2.9k,38
Vodafone Idea,4.2,14.2k,57k,475,17,2.1k,11
BYJU'S,3.1,15.2k,60k,2k,508,1.9k,26
Kotak Mahindra Bank,3.9,14.2k,78.3k,830,27,1.3k,22
Deloitte,3.9,14.3k,1.8L,2k,284,2.6k,21
Reliance Industries,4.1,13.5k,65.9k,1k,21,2k,31
iEnergizer,4.7,15.7k,18.9k,362,132,537,19
Bharti Airtel,4.1,11.9k,43.8k,652,175,1.6k,78
Tata Motors,4.2,10.2k,39.7k,796,93,1.8k,20
WNS,3.5,9.6k,54.5k,813,118,1.4k,11
Flipkart,4.0,9.4k,46.2k,1.1k,196,1.5k,89
IndusInd Bank,3.7,9.1k,47k,460,193,817,6
Ernst & Young,3.6,9.1k,1.3L,899,275,1.3k,4
AU Small Finance Bank,4.4,8.8k,18.8k,343,71,490,10
Mahindra & Mahindra,4.2,8.4k,36.5k,541,24,1.3k,8
Infosys BPM,3.8,8.3k,60.4k,776,179,1.2k,12
DXC Technology,3.8,8.3k,79.8k,657,103,1.2k,4
IDFC FIRST Bank,4.0,8.5k,41k,499,113,734,30
Conneqt Business Solutions,3.7,7.9k,26.1k,380,456,810,17
LTIMindtree,3.6,8.2k,99.1k,1.2k,350,860,23
HDFC Life,4.1,7.7k,29.9k,483,99,647,35
Bajaj Finserv,4.1,7.7k,25.5k,391,21,757,3
Mphasis,3.5,7k,65.5k,592,179,899,15
PwC,3.6,7.2k,84.8k,964,1.3k,876,22
HSBC Group,4.1,6.7k,59.8k,421,28,1.2k,4
Startek,3.3,6.6k,22.6k,370,59,724,6
Hinduja Global Solutions,4.0,6.4k,24.5k,201,40,1k,31
Samsung,4.1,6.3k,27.3k,449,24,572,12
Ericsson,4.3,6.3k,43.6k,326,384,1.1k,16
Maruti Suzuki,4.2,6.5k,25.5k,495,5,1.1k,15
Shriram Finance,4.1,6.3k,13.4k,256,9,50,21
Asian Paints,4.1,6.3k,22.2k,531,17,913,26
Yes Bank,3.9,6.3k,40.5k,329,20,633,9
Cipla,4.1,6.1k,23.7k,406,63,907,17
Dr. Reddy's,4.2,5.9k,23.7k,313,98,884,21
Sutherland Global Services,3.7,5.8k,28.1k,440,228,960,23
Paytm,3.5,6.1k,31.5k,553,136,591,19
Bandhan Bank,3.8,6.1k,20.7k,426,23,537,10
UltraTech Cement,4.2,5.8k,21.5k,439,7,654,28
EXL Service,3.8,6k,38k,553,59,863,13
NTT DATA,4.0,5.8k,51.5k,493,110,779,16
ICICI Prudential Life Insurance,4.1,5.5k,21.5k,314,126,636,7
Bajaj Finance,4.1,5.7k,19.4k,251,8,528,4
Jana Small Finance Bank,3.9,5.4k,14.8k,199,42,632,7
Lupin,4.1,5.4k,22.2k,278,--,824,7
Indian Army,4.7,4.8k,9.8k,126,--,763,2
HCL Group,3.8,5.1k,66k,349,--,704,--
Quess,4.0,5.6k,25k,320,129,464,12
Tata Steel,4.2,6k,28.2k,635,44,705,19
L&T Infotech,3.8,5.2k,72.8k,447,2,902,5
Wells Fargo,4.0,5.3k,48.4k,413,3,906,10
Zydus Lifesciences,4.2,5.3k,18.1k,252,140,701,20
Delhivery,4.0,5.2k,17k,349,114,675,37
Amazon Development Centre India,4.2,5.4k,29.3k,495,5,56,8
L&T Construction,4.1,5.1k,14.6k,553,--,829,15
JPMorgan Chase & Co.,4.1,5.1k,72.8k,530,179,915,14
Sun Pharmaceutical Industries,4.1,4.8k,20.6k,299,119,646,9
Hindustan Unilever,4.3,4.8k,20.9k,297,114,698,1
FIS,3.9,4.9k,39.3k,366,103,789,16
ITC,4.0,4.8k,23.1k,450,43,735,7
Udaan,4.0,4.8k,19.1k,309,33,789,8
Hexaware Technologies,3.7,4.8k,46.1k,511,576,591,25
IIFL Finance,4.0,4.7k,15.7k,216,43,443,11
JSW Steel,4.0,4.8k,24.9k,453,68,633,19
Ujjivan Small Finance Bank,4.1,4.6k,11.8k,179,12,598,8
Muthoot Finance,3.6,4.4k,11.9k,206,141,340,6
Max Life Insurance,4.2,4.5k,17.5k,241,562,518,2
Tata Projects,4.3,4.3k,19.4k,325,18,568,19
Aurobindo Pharma,4.0,4.2k,21.6k,204,21,502,7
KPMG India,3.6,4.5k,64.7k,601,70,791,5
Shapoorji Pallonji Group,4.2,4.1k,15.3k,281,31,663,10
Oracle,3.8,4.4k,57.9k,662,208,655,26
Home Credit Finance,4.1,4.1k,10.4k,103,88,645,3
eClerx,3.5,4.3k,27.4k,383,93,601,17
Apollo Hospitals,4.2,4k,15k,259,117,529,--
Ashok Leyland,4.1,4k,18.1k,186,1,691,8
Omega Healthcare,3.8,4.2k,21k,304,48,418,7
Siemens,4.2,4k,30.1k,313,1.5k,671,9
JLL,4.2,4.1k,20.1k,251,49,577,6
Megha Engineering & Infrastructures,4.0,4.2k,15.1k,350,22,565,9
Vivo,4.1,3.9k,13.3k,161,7,676,2
First Source,3.8,4k,20.3k,223,75,608,16
JustDial,3.6,4k,14.9k,270,51,385,7
Bajaj Allianz Life Insurance,4.1,4.1k,15.5k,256,64,493,11
Hero MotoCorp,4.2,3.9k,14.1k,277,1,616,7
OPPO,4.0,3.8k,13.3k,180,18,658,10
Mahindra Finance,4.3,3.9k,11k,112,26,516,6
DMart,4.0,3.9k,14k,311,149,485,2
Standard Chartered,3.9,3.9k,39.9k,204,6,338,--
Coforge,3.5,4k,37.4k,359,190,332,18
Cyient,3.8,3.8k,25.8k,234,78,498,3
BigBasket,4.0,3.9k,15.6k,292,99,443,24
ICICI Lombard General Insurance Company,3.8,3.8k,18.1k,214,8,382,15
Indiamart Intermesh,3.6,3.9k,18k,438,554,452,10
CGI Group,4.1,3.8k,42.6k,346,222,433,4
Virtusa Consulting Services,3.8,3.9k,51.7k,408,7,347,16
Equitas Small Finance Bank,4.4,3.7k,11.5k,147,532,403,15
TVS Motor,4.1,3.6k,14k,246,--,552,8
Manappuram Finance,4.0,3.6k,7.6k,113,36,270,9
Ekart Logistics,4.1,4.2k,11.2k,258,--,369,28
GlobalLogic,3.7,3.7k,32.4k,401,84,560,14
UST,3.8,3.6k,35.4k,354,63,459,13
SBI Cards & Payment Services,3.8,3.5k,15.1k,196,149,354,12
Hewlett Packard Enterprise,4.3,3.4k,30.6k,174,11,640,8
Atos Syntel,3.6,3.5k,34.7k,230,22,564,7
Bosch Global Software Technologies,4.1,3.6k,35.3k,251,15,727,19
IQVIA,4.0,3.6k,27.1k,356,27,555,--
Nagarro,4.1,3.7k,26.5k,553,54,1.2k,19
Cholamandalam Investment & Finance,4.1,3.6k,9.8k,133,27,316,17
SMFG India Credit,4.1,3.5k,10.5k,121,86,353,13
Bosch,4.3,3.3k,20.1k,266,--,645,16
Reliance Communications,4.0,3.2k,11.4k,74,2,382,--
BNY Mellon,4.0,3.4k,28.5k,260,332,557,1
L&T Technology Services,3.4,3.7k,34k,398,--,463,5
Schneider Electric,4.2,3.4k,21.3k,254,41,497,6
Hyundai Motor India Limited,4.4,3.3k,13k,208,6,583,16
Amdocs,4.0,3.4k,35.2k,413,--,696,20
Oyo Rooms,3.4,3.3k,24.1k,189,55,397,13
Swiggy,3.9,3.4k,19.3k,313,123,373,13
CBRE,4.2,3.3k,15.9k,196,73,485,11
State Bank of India,3.9,3.3k,10.3k,191,--,410,1
JBM Group,4.0,3.2k,13.1k,204,--,394,13
BT Group,4.1,3.3k,10.8k,120,62,318,--
SBI Life Insurance Company,3.9,3.2k,10.2k,179,7,340,4
Optum,4.0,3.4k,26.8k,321,74,569,4
Ecom Express,4.0,3.2k,8.4k,160,34,336,13
Nagarjuna Construction Company,4.2,3.1k,10.5k,235,11,426,6
Dell,4.2,3.3k,27.1k,306,58,574,24
Bajaj Auto,3.9,3.2k,13.2k,218,--,566,21
KEC International,4.1,3.2k,11k,240,--,453,17
Future Group,4.3,2.9k,10.6k,70,3,430,3
Piramal Capital Housing Finance,4.3,3.1k,8.9k,147,11,271,18
Aditya Birla Fashion and Retail,4.2,3.1k,11.7k,146,41,433,11
Muthoot Fincorp,4.1,3.1k,8k,116,19,282,7
Royal Enfield,4.3,2.9k,13.2k,120,12,420,32
L&T Finance,4.0,3k,10.7k,111,--,272,19
Viatris,4.2,2.8k,13.9k,113,1,529,12
Tata Communications,4.1,2.9k,22.3k,209,256,444,11
Samvardhana Motherson Group,3.8,2.8k,13k,182,44,418,--
Intas Pharmaceuticals,4.2,2.9k,15.1k,164,37,411,9
LG Electronics,4.1,2.9k,9.9k,156,--,423,8
John Deere,4.3,2.9k,14.1k,178,1,437,11
Varun Beverages,4.1,2.9k,9.6k,180,74,332,15
Kogta Financial India Limited,4.8,3k,1.4k,69,8,51,25
Persistent Systems,3.8,3.1k,33.6k,421,21,413,18
Godrej & Boyce Manufacturing,4.0,2.8k,15.6k,146,51,432,3
Randstad,3.9,2.9k,13.6k,200,296,344,2
Thermax Limited,4.2,2.8k,11.8k,192,88,392,13
Hetero Drugs,3.9,2.7k,13.7k,165,30,343,3
Deutsche Bank,4.0,2.8k,31.6k,266,585,425,79
Macleods Pharmaceuticals,3.8,2.8k,14k,152,8,375,--
Havells,4.1,2.7k,12.1k,155,49,335,4
CARS24,3.7,2.9k,12.6k,244,139,431,11
Team Lease,4.0,2.8k,14.3k,164,23,228,2
Subros,4.0,2.7k,11.8k,131,1,424,7
Sodexo,4.1,2.6k,9.4k,128,1.4k,389,7
Abbott,4.2,2.7k,10.7k,123,175,390,8
VE Commercial Vehicles,4.1,2.7k,12.4k,161,16,379,5
Indian Oil Corporation,4.4,2.7k,7.5k,208,--,312,19
Whitehat jr,3.5,2.8k,9.7k,295,188,973,3
Ford Motor,4.5,2.6k,14k,108,105,403,11
Tata Capital,4.2,2.7k,10.3k,124,1k,110,23
Automatic Data Processing (ADP),4.1,2.7k,20.2k,173,38,480,12
Bharat Electronics,4.2,2.6k,11.3k,169,--,327,1
Cummins,4.4,2.7k,14.7k,182,59,482,11
ITC Infotech,3.8,2.9k,27.7k,256,432,312,8
Access Healthcare,4.0,2.7k,19k,160,125,290,37
R1 RCM,3.9,2.8k,16.9k,219,217,379,18
American Express,4.2,2.7k,21.2k,266,189,457,5
Alembic Pharmaceuticals,4.1,2.6k,13.8k,178,45,400,9
Pidilite Industries,4.4,2.6k,9.4k,154,31,373,1
Tata AIA Life Insurance,4.1,2.7k,11.9k,139,3,312,15
UnitedHealth,4.1,2.4k,20.6k,75,3,443,--
Hindalco Industries,4.3,2.6k,9.9k,169,6,352,6
Alkem Laboratories,4.0,2.5k,9.1k,124,23,349,--
Aakash Educational Services,3.6,2.7k,11.5k,231,76,221,9
Publicis Sapient,3.6,2.7k,27.6k,429,40,421,19
Atos,3.8,2.6k,27.4k,228,--,372,9
Utkarsh Small Finance Bank,3.9,2.6k,9k,175,38,273,19
DCB Bank,3.9,2.6k,8.7k,149,54,255,9
Hindustan Coca Cola Beverages,4.3,2.5k,7k,101,32,395,1
Indian Air Force,4.7,2.5k,4.9k,40,--,377,--
Vishal Mega Mart,3.9,2.5k,6.3k,130,11,274,7
Barclays,4.0,2.6k,24.1k,185,--,286,22
Berger Paints,3.8,2.6k,8.5k,218,82,292,5
Marpu Foundation,4.9,2.7k,20,30,--,101,2
Glenmark Pharmaceuticals,4.0,2.5k,11.2k,114,78,332,--
Ipca Laboratories,4.0,2.5k,10.9k,131,43,267,3
Jindal Steel and Power,4.0,2.4k,12.5k,237,25,339,11
Bank of America,4.4,2.5k,24.7k,181,--,438,--
Maersk,4.3,2.4k,16.6k,141,29,454,26
DTDC Express,3.8,2.4k,7.9k,116,50,272,2
24/7 Customer,3.6,2.5k,13.2k,163,22,443,10
Aarti Industries,4.2,2.5k,12.9k,242,38,386,2
ABB Group,4.1,2.4k,15.3k,160,3,364,7
Honda Motorcycle & Scooter,4.1,2.4k,10.7k,117,1,377,4
Wipro Infotech,4.0,2.3k,16.3k,147,--,302,--
Carelon Global Solutions,4.0,2.6k,23.4k,298,35,55,6
Johnson Controls,3.7,2.5k,14.8k,202,56,306,27
HDFC Ergo General Insurance,4.0,2.5k,9.9k,111,--,281,1
NatWest Group,4.0,2.4k,20.2k,148,7,386,7
PolicyBazaar,3.5,2.5k,13.1k,203,67,243,11
CMS IT Services,3.2,2.3k,10.4k,97,23,200,3
Cogent E Services,3.3,2.5k,8.4k,192,2,235,7
MRF Tyres,3.8,2.4k,11.1k,242,23,376,6
RBL Bank,3.8,2.4k,15.8k,143,33,224,5
Reliance Nippon Life Insurance,3.9,2.4k,8k,108,3,237,3
Paras Hospital,4.6,2.4k,2.7k,64,36,154,41
Reliance Digital,4.2,2.4k,7.4k,85,--,284,12
PNB MetLife,3.5,2.4k,7.9k,121,--,230,11
Jubilant Foods Works,3.9,2.4k,7.5k,127,49,188,9
Escorts Kubota Limited,4.1,2.4k,10.7k,168,--,278,17
GeBBS Healthcare Solutions,3.7,2.4k,10.5k,116,24,305,7
Wipro Consumer Care & Lighting,3.9,2.2k,3k,47,9,287,1
Ceat Tyres,4.1,2.4k,11.3k,129,6,367,5
Kotak Mahindara Life Insurance,3.9,2.4k,11.1k,173,110,273,--
Dabur,3.8,2.3k,7.7k,169,32,287,3
Axis Direct,3.9,2.1k,5.7k,67,17,228,--
JK Cement,4.2,2.3k,8.2k,193,--,263,3
Conduent,3.6,2.3k,18.5k,147,67,386,10
InterGlobe Aviation,3.6,2.3k,11.9k,309,57,323,4
Synechron,3.7,2.4k,26.8k,262,70,287,10
Shoppers Stop,4.1,2.2k,7.1k,87,8,332,8
Birlasoft,3.8,2.4k,27.7k,225,372,246,8
ACC,4.0,2.2k,9.5k,153,--,286,4
Lenskart,3.3,2.4k,9.4k,228,133,215,11
HARMAN,3.9,2.3k,24k,190,19,130,3
ArcelorMittal Nippon Steel,4.1,2.2k,9.3k,171,5,128,2
Reliance SMSL,4.0,2.3k,5.8k,135,--,286,4
GATI-KWE,4.0,2.2k,5.8k,81,15,296,5
Indiabulls Home Loans,3.9,2.1k,8.9k,87,4,122,2
KPIT Technologies,3.6,2.2k,20.1k,211,--,311,13
PepsiCo,4.2,2.1k,9.8k,147,179,269,5
UPL,4.2,2.2k,10.4k,141,28,326,2
S&P Global,4.2,2.2k,17.5k,183,24,241,--
Torrent Pharmaceuticals,4.0,2.1k,10.1k,98,28,337,3
Dilip Buildcon,4.1,2.1k,7.8k,113,8,299,14
RSPL Group,4.2,2.3k,8.4k,147,11,310,5
Tech Mahindra Business Services,3.5,2.3k,12.4k,241,1,337,2
Square Yards,3.8,2.3k,7.7k,170,600,284,35
Titan Company,4.4,2.2k,7.9k,107,25,356,14
TVS Credit,4.5,2.2k,6k,78,25,210,2
Wipro Enterprises Ltd,3.9,2.1k,6.4k,127,1,457,--
Tata AIG,4.1,2.2k,10.1k,116,56,250,6
EY Global Delivery Services ( EY GDS),3.7,2.4k,13.9k,438,--,170,16
IDFC FIRST Bharat,4.6,2.3k,3.8k,93,--,79,1
Aditya Birla Sun Life Insurance,4.2,2.1k,7.6k,94,4,221,23
Bajaj Electricals,4.1,2k,7.8k,109,25,305,9
Alstom Transportation,3.9,2.2k,11.6k,185,22,190,8
Statestreet HCL Services,3.3,2.2k,17.2k,188,--,220,--
IGT Solutions,3.4,2.2k,11k,162,121,245,14
Afcons Infrastructure,4.4,2.1k,7.3k,173,1,321,9
Apollo Tyres,4.1,2k,8.9k,104,14,345,5
Mankind Pharma,4.1,2.1k,7.9k,154,33,261,18
Simplex Infrastructures,3.3,1.8k,6.5k,57,--,293,--
Domino's Pizza,4.0,2.1k,4.4k,70,--,394,3
Suzlon Group,4.2,2k,7.4k,95,8,366,4
Capita,3.8,2.1k,14.1k,125,38,343,--
Zensar Technologies,3.8,2.1k,26k,190,22,276,24
Flex,4.1,2.1k,17.7k,138,11,457,1
State Street Corporation,3.8,2.1k,23k,160,10,282,10
Max Healthcare,4.1,2k,8.2k,95,109,255,17
KocharTech,4.1,2.1k,3.7k,58,75,607,6
Huawei Technologies,4.0,1.9k,10.8k,92,--,307,1
Bajaj Allianz General Insurance,4.0,2.1k,8.7k,74,11,247,2
Tata Technologies,3.8,2.1k,19.7k,193,133,335,10
Croma,4.1,2.1k,7k,88,30,196,4
I Process Services,3.9,2k,5.2k,73,10,133,1
McDonald's,4.2,2k,4.7k,100,2,424,2
Taj Hotels Resorts and Palaces,4.2,1.9k,5.2k,89,36,182,3
Grasim Industries,4.1,2.1k,9.1k,162,1,262,5
HDFC Sales,4.1,2k,7.8k,133,37,200,--
Nestle,4.1,2k,8.7k,198,51,334,9
ElasticRun,3.4,2.1k,6.2k,223,14,235,14
UNO Minda,4.1,2k,8.6k,124,6,278,3
Landmark Group,4.1,2k,8.7k,105,39,282,7
Walmart,4.0,2k,16.9k,268,288,366,2
AGS Health,4.0,2k,9.6k,123,19,289,9
Lava International,4.1,1.9k,4.7k,54,2,313,1
Nokia,4.2,2k,18.5k,209,438,550,14
Blue Dart Express,4.1,2k,6.1k,86,--,240,2
Patanjali Ayurved,4.1,1.9k,6.8k,88,1,263,2
Tractors and Farm Equipment,4.1,1.9k,8.2k,86,27,291,4
G4S,4.1,1.9k,4.7k,75,26,242,10
Fortis Healthcare,4.1,1.8k,6.9k,106,1k,146,1
Capgemini Engineering,3.6,2k,20k,252,160,160,3
Societe Generale Global Solution Centre,3.9,2k,19.9k,185,108,313,--
State Street Syntel,3.7,1.9k,10.8k,63,--,289,--
BlackBuck,3.9,2k,6k,138,40,251,12
TVS Supply Chain Solutions,4.0,1.9k,8k,101,10,202,12
Britannia,4.1,1.9k,7.2k,130,6,259,5
Micro Labs,3.7,1.9k,9k,94,8,220,2
Fiserv,3.6,2k,18.5k,120,17,338,11
KFintech,3.7,1.9k,9.6k,102,15,54,1
Voltas,4.1,1.8k,7.7k,96,1,265,1
Sterlite Technologies,3.8,1.9k,10.2k,138,108,224,8
Shree Cement,4.0,1.8k,8.5k,126,--,232,10
Kyndryl,4.1,2k,17.7k,108,9,182,24
Exide Industries,3.6,1.9k,7.3k,134,96,253,4
Ola Cabs,3.5,1.8k,10.6k,118,18,247,10
Yazaki,3.9,1.8k,7.5k,102,3,268,1
Radisson Hotels,4.1,1.7k,5.6k,52,9,318,7
Dalmia Bharat Cement,4.1,1.8k,7.6k,119,4,241,11
Himalaya Wellness,4.2,1.8k,5.9k,75,18,273,7
Quest Global,3.7,1.9k,17.8k,206,118,210,--
Lifestyle,4.4,1.8k,6.8k,57,4,290,3
IKS Health,3.6,1.9k,9k,166,33,243,--
Eureka Forbes,3.9,1.7k,5.6k,56,3,235,1
Ajanta Pharma,4.1,1.8k,8.1k,92,20,221,6
Blue Star,4.1,1.8k,8.5k,118,16,250,18
ACT Fibernet,4.0,1.8k,6.9k,100,35,259,11
Motilal Oswal Financial Services,3.8,1.9k,9.1k,153,103,185,51
XpressBees,3.8,1.9k,6.9k,124,53,184,7
Aditya Birla Group,4.1,1.7k,10.2k,147,1,255,3
Extramarks Education,3.5,1.8k,8.6k,152,98,156,2
Sonalika Tractors,3.8,1.7k,7.9k,105,1,190,1
DS Group,4.1,1.8k,6k,100,42,224,4
Nokia Networks,4.3,1.7k,8.2k,95,41,24,--
Life Insurance Corporation of India,4.4,1.7k,4.2k,62,5,245,6
Mahindra Rural Housing Finance,4.1,1.8k,4.7k,68,34,184,2
Cholamandalam MS General Insurance,3.9,1.8k,5.4k,71,1,168,4
Zomato,3.8,1.8k,12k,224,17,227,12
Mahindra Logistics,4.1,1.8k,8.1k,99,3,226,8
Delhi Public School,3.9,1.7k,5.3k,98,134,270,4
Indus Towers,4.0,1.8k,7.1k,136,53,213,9
PVR Cinemas,4.1,1.7k,5.7k,76,26,251,--
Future Retail,4.3,1.6k,5.9k,47,--,260,--
JMC Projects,4.2,1.7k,5.5k,85,1,266,3
Ninjacart,4.1,1.8k,5.7k,84,16,148,23
Emcure Pharmaceuticals,3.8,1.7k,8k,90,25,247,11
Rivigo,3.9,1.6k,6.9k,68,5,242,9
SRF,4.3,1.7k,7.5k,133,31,279,1
Myntra,4.0,1.7k,9k,146,50,322,14
V-Mart,4.2,1.8k,4k,107,38,218,3
Kalpataru Power Transmission,4.2,1.7k,6.4k,100,2,210,8
Parle Agro,3.1,5,6.1k,84,5,225,--
Datamatics Global Services,3.6,1.7k,11.1k,122,59,194,5
Movate,3.4,1.7k,13.2k,207,72,20,3
Kansai Nerolac Paints,3.9,1.7k,6.4k,114,76,200,2
Renault-Nissan,4.1,1.6k,7.7k,70,--,277,9
Pfizer,4.1,1.6k,5.7k,56,14,286,6
Tata Teleservices,4.1,1.5k,4.4k,27,6,263,3
Fujitsu,3.9,1.7k,15k,135,116,202,13
Mahindra Holidays & Resorts,3.6,1.6k,5.8k,79,156,208,16
VVDN Technologies,3.7,1.8k,10.1k,136,24,147,12
Indian Railways,4.2,1.6k,3.2k,75,--,170,15
MSN Laboratories,3.8,1.7k,7.2k,85,37,184,7
3i Infotech,3.6,1.6k,10.5k,107,76,160,1
BHEL,4.2,1.5k,5k,89,--,222,8
KPMG Global Services,3.7,1.8k,4.8k,145,--,24,--
Raymond,4.1,1.6k,6.8k,75,2,242,1
ICICI Securities,3.8,1.6k,8.5k,115,17,193,3
Reliance Trends,4.4,1.6k,4.3k,90,--,225,3
Blinkit,3.9,1.6k,8k,125,6,210,14
Cybage,3.9,1.7k,17k,146,43,297,4
Ambuja Cements,4.0,1.6k,5.8k,86,--,217,5
JCB,4.0,1.6k,8.4k,98,--,256,3
Cadila Pharmaceuticals,3.6,1.6k,6.9k,88,5,187,13
suzuki motor gujarat,4.3,1.7k,6.3k,128,14,202,1
Info Edge,4.0,1.7k,10.2k,228,378,311,17
Shell,4.3,1.7k,12.5k,152,11,270,7
GlaxoSmithKline Pharmaceuticals,4.2,1.6k,5k,82,48,127,1
Foundever,3.8,1.6k,6.3k,94,217,224,13
Poonawalla Fincorp,3.9,1.5k,4.9k,40,29,135,--
ZS,3.4,1.7k,16.2k,298,42,292,18
PhonePe,4.1,1.7k,8.7k,179,157,193,4
Whirlpool,4.1,1.6k,7.5k,66,12,212,9
Bharat Petroleum,4.2,1.5k,6.3k,123,--,197,6
Tata Elxsi,4.0,1.6k,16.5k,220,59,217,5
Jindal Stainless,4.3,1.6k,8.7k,130,2,206,10
Endurance Technologies,3.9,1.5k,7.1k,77,7,245,--
NoBroker,3.2,1.7k,8k,170,318,364,7
Force Motors,3.6,1.5k,7.6k,98,--,173,4
ITC Hotels,4.2,1.5k,5.3k,67,--,202,4
Fincare Small Finance Bank,4.1,1.6k,6.1k,82,3,151,4
Shahi Exports,4.1,1.5k,6.7k,86,32,242,22
Syngene International,3.9,1.6k,10.9k,128,23,239,6
GVK Emergency Management and Research Institute,3.7,1.5k,4.2k,69,24,189,--
Delphi TVS,4.1,1.5k,5.4k,68,5,207,--
Bharti AXA Life Insurance,3.9,1.5k,5k,100,1,176,1
Kalyan Jewellers,4.7,1.6k,1.3k,43,20,59,2
Sobha,4.0,1.5k,7.6k,87,21,219,--
Care Health Insurance,3.8,1.6k,7.4k,93,43,177,1
Brakes India,4.1,1.5k,6.4k,60,2,210,2
Lodha group,4.1,1.5k,7.5k,97,90,202,7
Aavas Financiers,4.0,1.6k,5.4k,73,77,138,4
HCL Infosystems,4.1,1.4k,9.2k,131,1,234,--
Citicorp,3.7,1.7k,20.3k,216,2,280,6
Sterling & Wilson,4.1,1.4k,7.7k,52,23,212,4
Dhani Loans and Services,3.9,1.6k,5.2k,64,6,50,1
Bureau Veritas,4.0,1.5k,7.2k,83,24,183,13
CAMS,3.7,1.5k,7k,87,20,60,6
Sopra Steria,4.0,1.5k,13.5k,89,37,266,6
KENT RO Systems,4.1,1.5k,4.5k,65,3,118,19
Gallagher,3.9,1.6k,10.5k,160,65,129,1
Unacademy,3.3,1.6k,9k,157,48,165,35
Varroc Group,3.8,1.5k,6.3k,110,222,154,4
Coromandel International,4.2,1.5k,6.6k,77,5,230,--
Future Generali India Life Insurance,3.8,1.5k,6.5k,73,118,167,2
Canara HSBC Life Insurance,3.7,1.5k,5.9k,73,29,174,2
Allsec Technologies,4.0,1.5k,6.3k,90,16,135,26
Cisco,4.3,1.5k,18.1k,275,--,242,15
Tata Motors Finance,4.2,1.5k,4.5k,58,8,156,11
RMSI,3.8,1.5k,7.2k,72,17,190,--
Power Mech Projects,3.9,1.4k,6.2k,80,2,166,4
Star Health & Allied Insurance,3.9,1.5k,7.2k,71,20,172,3
café Coffee day,4.0,1.4k,4.2k,43,14,184,2
Adani Wilmar,4.2,1.4k,5.7k,77,9,179,6
IntouchCX,3.0,1.5k,6.9k,131,64,159,16
JK Tyres,3.8,1.4k,6.2k,72,2,196,3
Gabriel India,4.2,1.4k,5.4k,76,--,257,--
KIA MOTORS,3.9,1.5k,6.7k,100,7,186,12
Straive,3.5,1.5k,8.2k,131,79,131,15
DBS Bank,3.9,1.5k,11.9k,113,27,195,6
Lucas-TVS,4.0,1.4k,5.6k,62,3,227,4
Bank of Baroda,3.6,1.4k,6.1k,77,--,158,13
Planet Spark,3.7,1.5k,2.6k,289,106,213,1
Laurus Labs,4.2,1.5k,6.4k,88,4,228,9
Sify Technologies,4.0,1.4k,9k,98,49,158,3
Hero FinCorp,4.2,1.5k,4.6k,69,10,138,--
ValueLabs,3.9,1.4k,15.2k,131,71,291,11
Hindustan Aeronautics,4.4,1.4k,3.9k,57,--,179,2
Adani Power,3.9,1.5k,7.7k,163,--,173,4
Indian Navy,4.6,1.3k,3.4k,18,--,253,--
Parle Products,4.0,1.4k,4k,68,6,210,1
ABC,4.0,1.6k,39k,371,15,86,--
Akums Drugs & Pharmaceuticals Limited,4.2,1.5k,5.6k,93,14,169,18
Thomson Reuters,4.2,1.4k,10.3k,70,5,241,--
upGrad,3.8,1.5k,7.3k,154,118,148,18
ESAF Microfinance & Investments (P),3.9,1.5k,6.2k,89,25,109,8
Taurus BPO Services,4.6,1.4k,698,15,--,525,6
Uflex,3.8,1.3k,6.3k,84,24,126,8
Intellect Design Arena,4.1,1.5k,11.4k,104,3,198,8
AECOM,4.3,1.4k,5.8k,93,3,254,13
SAP,4.3,1.4k,14.9k,215,142,318,12
TVS Sundram Fasteners,3.8,1.3k,6.3k,51,--,215,2
Citibank,4.0,1.4k,15.9k,132,6,216,6
CMA CGM,4.0,1.2k,7.7k,74,10,229,9
Cargill,4.2,1.4k,7k,78,89,165,7
Google,4.4,1.6k,21.6k,508,1,154,16
Microsoft Corporation,4.1,1.4k,23.5k,418,789,224,5
IDBI Bank,3.7,1.3k,5.7k,52,--,142,6
SGS,4.0,1.3k,5.7k,74,207,191,--
Reliance General Insurance,3.9,1.4k,6.6k,70,2,138,1
Dr Lal PathLabs,4.2,1.4k,4k,106,28,200,1
Honda,4.2,1.3k,4.9k,86,5,212,8
Novartis,4.1,1.4k,8.3k,105,22,244,22
Optum Global Solutions,4.2,1.4k,9.2k,122,--,182,--
Renault Nissan Technology & Business Centre India,3.9,1.4k,12.9k,83,5,237,8
L&T Energy Hydrocarbon,3.9,1.4k,7.4k,71,--,206,5
TCE,3.8,1.4k,7.4k,200,24,171,9
Kotak Securities,3.7,1.3k,8.3k,88,40,160,3
Meesho,3.7,1.4k,6.6k,209,66,290,11
Xoriant,3.9,1.4k,10.9k,128,55,438,41
YASH Technologies,3.8,1.4k,15.6k,106,23,179,34
Narayana Health,4.2,1.3k,5.2k,50,7,147,--
Honeywell Automation,3.8,1.3k,10.6k,79,--,170,--
AXA Business Services,3.9,1.3k,7.4k,55,96,177,5
Big Bazaar,4.3,1.2k,4k,37,--,194,--
SBI General Insurance,3.8,1.4k,5.2k,79,62,139,5
Spark Minda,3.9,1.3k,5.6k,95,5,43,7
BA Continuum,4.3,1.3k,11.1k,77,--,305,--
Apollo Pharmacy,3.9,1.4k,4.9k,92,107,130,4
Vedantu,3.4,1.4k,8.8k,170,45,164,6
Wockhardt,3.9,1.2k,4.6k,42,9,184,--
MetLife,4.3,1.3k,7.9k,59,754,249,--
Philips,3.9,1.3k,10.2k,113,79,193,9
CMS Infosystems,3.7,1.3k,4.1k,39,11,103,--
Tata Play,4.0,1.3k,4.8k,62,5,186,10
Biological E,4.2,1.3k,6k,92,29,233,--
Niva Bupa Health Insurance Company,3.7,1.4k,6.5k,81,23,125,1
NCR Corporation,4.1,1.3k,8.5k,83,176,187,6
Vardhman Fabrics,4.1,1.3k,5.6k,51,8,155,1
Crisil,3.7,1.4k,11.1k,148,302,247,18
Aragen Life Sciences,4.1,1.3k,5.7k,85,80,331,17
Exl India,3.6,1.3k,10.2k,66,--,173,--
G R Infraprojects,4.2,1.3k,4.9k,102,18,167,4
Safexpress,4.1,1.3k,5k,78,4,149,22
Frankfinn Institute of Air Hostess Training,4.0,1.4k,3.3k,77,40,195,243
Innovsource Services,4.0,1.3k,4.2k,50,1,128,5
Microland,3.6,1.3k,10.9k,99,28,167,5
Allstate,4.0,1.4k,10.5k,99,1,209,6
Panasonic Life Solutions India,4.1,1.3k,5.2k,53,1,106,5
SBI Securities,3.9,1.3k,5.3k,115,143,110,6
Amazon Transportation Services,4.1,1.3k,4.2k,129,--,260,3
R.R. Donnelley,4.0,1.3k,9.7k,81,13,293,--
Angel One,3.9,1.3k,6.8k,95,33,162,4
Metro Cash & Carry,4.3,1.3k,4.7k,42,6,170,2
PHN Technology,4.6,1.3k,225,22,7,25,3
Matrimony.com,4.4,1.3k,4.1k,63,92,86,--
SS&C TECHNOLOGIES,3.5,1.3k,11.6k,129,101,208,12
Bharat Financial Inclusion,4.0,1.5k,3.7k,43,3,188,11
Reckitt Benckiser,4.0,1.3k,5.9k,68,48,181,--
Bhushan Power & Steel,4.0,1.1k,4.6k,43,--,172,--
CitiusTech,3.5,1.4k,12.2k,177,20,172,6
USV,4.1,1.3k,5k,66,20,183,--
Aditya Birla Capital,4.0,1.3k,8k,109,9,166,24
Motherson Automotive Technologies and Engineering,4.0,1.2k,6.2k,89,5,166,1
Adecco Group,3.8,1.2k,6.1k,72,37,141,--
Dainik Bhaskar Group,4.4,1.2k,4.5k,42,64,157,1
Procter & Gamble,4.2,1.2k,5.6k,91,24,174,2
XL Dynamics,3.2,1.3k,3.7k,97,--,213,--
Yamaha Motor,4.2,1.2k,5.5k,41,26,189,--
Cavinkare,4.0,1.2k,4.7k,37,--,147,--
USHA International,4.2,1.2k,4.6k,64,17,163,5
Team Computers,3.7,1.3k,7.2k,73,84,122,1
HERE Technologies,3.8,1.3k,7.5k,58,25,297,--
Mercedes-Benz Research & Development India,4.0,1.3k,15k,150,--,228,7
NTPC,4.3,1.3k,3.6k,136,--,185,11
KONE,4.3,1.2k,5.2k,75,39,198,24
Isgec Heavy Engineering,3.9,1.2k,6.2k,92,22,144,148
DHL Supply Chain,4.3,1.2k,5.1k,66,10,148,7
Torrent Power,3.8,1.2k,6.5k,100,19,166,5
PI Industries,4.2,1.2k,6.1k,85,3,175,9
Mother Dairy Fruit & Vegetable,4.2,1.2k,4.5k,60,--,159,1
Honda Cars,4.4,1.3k,6k,68,--,202,1
Oberoi Group of Hotels,4.2,1.2k,4k,76,--,231,1
Honeywell Technology Solutions,3.9,1.2k,12.3k,116,--,215,--
DIVI'S Laboratories,3.9,1.2k,5.9k,62,--,181,--
Chegg,4.2,1.3k,3.3k,133,10,95,--
Saint-Gobain,4.0,1.3k,8.7k,141,48,259,9
Haier Appliances India,4.1,1.2k,5.8k,101,4,183,4
Johnson & Johnson,4.2,1.2k,5.8k,74,11,196,9
Sigma Electric Manufacturing Corporation,4.0,1.1k,3.8k,53,13,221,7
Paisabazaar.com,3.6,1.3k,5.9k,113,60,101,11
Jindal Saw,4.1,1.2k,5.3k,87,27,198,3
Credit Suisse,4.3,1.3k,15.9k,137,1,178,--
Arvind Group,4.1,1.2k,5.9k,48,15,301,6
Max Fashion,4.2,1.2k,3.5k,51,3,178,10
Verizon,4.2,1.2k,10.7k,80,37,213,5
Tata Communications Transformation Services,4.1,1.2k,8.3k,69,--,175,1
Hyatt Regency,4.2,1.1k,3.4k,34,--,200,--
Daikin,4.2,1.2k,5.8k,98,--,147,1
Star Union Dai-ichi Life Insurance,3.9,1.3k,4.7k,63,51,100,2
V-Guard Industries,4.4,1.2k,3.6k,39,14,272,15
Medi Assist India,3.8,1.2k,5.9k,84,21,142,--
DHL Express,4.1,1.2k,5.8k,46,62,180,--
Globiva,3.2,1.3k,4.1k,81,44,96,2
Exela Technologies,3.5,1.2k,7.4k,62,6,80,--
Haldiram Foods,4.0,1.2k,5.4k,86,8,103,--
FactSet,4.0,1.2k,9.1k,145,7,212,26
Tata Group,4.3,1.3k,5.5k,342,--,116,--
Nuvoco Vistas,4.2,1.2k,5.4k,71,2,133,2
Photon Interactive,4.0,1.3k,6.6k,76,194,167,--
CG Power and Industrial Solutions,3.9,1.2k,6.1k,59,6,226,3
UBS,3.9,1.2k,13.8k,144,1,146,11
HDFC Securities,3.7,1.2k,5.4k,87,47,138,5
Relaxo Footwear,4.3,1.1k,3.9k,63,42,149,--
Medanta the Medicity,4.1,1.1k,4.3k,73,52,154,2
Piramal Group,4.0,1.1k,4.7k,54,45,192,4
Orange Business,4.3,1.2k,8.7k,78,129,249,--
Hindustan Petroleum,4.3,1.2k,5.3k,75,--,153,4
Aadhar Housing Finance,4.1,1.2k,3.9k,56,1,105,2
BNP Paribas,3.9,1.2k,13.2k,130,3,189,8
FirstCry,3.8,1.2k,7.1k,128,122,86,2
Morgan Stanley,3.7,1.3k,19.6k,245,57,165,8
First American Corporation,3.9,1.2k,8k,64,46,161,--
NextComm Corporation,4.9,1.2k,13,4,--,43,3
Biocon Biologics,3.8,1.2k,5.2k,75,12,367,14
Aforeserve,3.5,1.1k,3.9k,45,24,90,--
Security and Intelligence Services (India),4.1,1.1k,3.9k,45,30,142,6
Oracle Cerner,3.7,1.2k,11.5k,134,--,269,1
Emami,4.1,1.1k,4.7k,65,11,136,3
Belrise Industries,3.8,1.1k,6.1k,72,20,103,--
Aon,3.9,1.1k,5.4k,47,21,212,--
IDC Technologies,3.3,1.2k,7.5k,53,18,51,13
Bata,3.9,1.1k,3.8k,51,--,121,5
Exotic Learning,4.5,1.2k,377,42,14,183,--
Fusion CX,3.2,1.2k,3.8k,81,3,101,12
Dell EMC,4.2,1.1k,11.1k,56,--,201,1
Hindustan Construction Company,4.3,1k,3.6k,65,1,164,--
Toyota Kirloskar Motor,4.4,1.1k,3.7k,39,--,173,3
Marriott International,4.3,1.1k,4.7k,64,572,186,2
Tata Power,4.0,1.2k,6.8k,130,7,150,9
KFC,4.2,1.1k,2.7k,48,--,157,1
Mercer,3.8,1.1k,9.4k,64,17,248,--
Tesco,3.9,1.1k,7.9k,76,41,199,4
Narayana Educational Society,3.7,1.1k,4k,46,5,121,--
Trident Group,3.5,1.1k,4.8k,73,12,133,17
Faurecia,4.0,1.1k,6.4k,51,27,203,1
Trent,4.1,1.1k,3.7k,58,18,136,--
TaskUs,3.5,1.2k,5.5k,138,95,128,10
Ola Electric Mobility,3.3,1.2k,6.2k,164,4,80,12
Altruist Technologies,3.2,1.2k,6.3k,98,5,82,2
Tata Advanced Systems,3.9,1.4k,8.8k,101,5,145,1
FedEx Express,4.2,1.1k,4k,60,39,195,--
Iris Software,4.2,1.2k,6.6k,91,32,289,9
Polycab Wires,4.1,1.1k,5.7k,72,10,94,6
Veritas Finance,4.7,1.2k,1.6k,61,1,42,21
L.G.Balakrishnan & Bros,3.7,1.1k,5.3k,50,--,134,--
Marico,4.1,1.1k,5k,68,12,167,4
Suguna Foods,4.1,1.1k,3.6k,62,13,141,7
HTC Global Services,3.6,1.1k,10.7k,100,23,115,--
iOPEX Technologies,3.7,1.1k,4.6k,48,11,572,28
NIIT,3.7,1.1k,6.2k,66,40,168,15
Infinite Computer Solutions,3.5,1.1k,11.4k,103,274,109,8
Muthoot Group,3.6,1.1k,3.9k,57,--,232,3
Hero Motors Company,4.1,1.1k,5.2k,67,--,128,4
Krishna Maruti,4.0,1.1k,4.8k,72,3,134,13
Sony,4.3,1k,4.3k,50,93,193,--
Jet Airways,4.6,989,4.1k,23,--,183,--
Bajaj Capital,3.9,1.1k,3.6k,65,37,110,7
Welspun,4.1,1.1k,4.5k,58,33,157,8
Manipal Hospitals,4.2,1.1k,4.8k,60,72,138,4
Oracle Financial Services Software,3.7,1.1k,12.6k,119,--,200,7
Pantaloons,4.2,1k,3k,48,--,133,--
Satin Creditcare Network,4.1,1.1k,3.2k,43,5,134,1
Nayara Energy,4.3,1k,5.6k,69,--,176,5
SRL Diagnostics,4.2,1k,3.5k,50,1,135,--
Inox Leisure,4.1,1k,3.9k,49,--,153,1
ISS Facility Services,4.2,1k,3.8k,39,40,136,--
Biocon Limited,3.9,1.1k,11k,115,22,14,--
ZF Commercial Vehicle Control Systems,4.0,1k,2.7k,31,--,22,--
Akzo Nobel India,4.2,1k,3.8k,48,17,141,5
Adani Group,4.0,1.2k,7.7k,137,143,110,3
TTEC India,3.8,1.1k,4.1k,105,10,160,24
J. Kumar Infraprojects,4.1,1k,4.4k,54,--,121,2
Fabindia,4.0,1k,4.1k,42,8,126,3
Barclays Shared Services,4.1,995,6.2k,25,17,193,--
Collabera Technologies,3.5,1.1k,7.8k,115,14,113,--
ICICI Home Finance,3.8,1.1k,4.2k,58,2,91,1
Daimler India Commercial Vehicles,4.2,1k,6.3k,51,--,186,--
Cushman & Wakefield,4.3,1k,5.2k,59,62,139,--
Gland Pharma,3.7,1.1k,5.9k,63,3,136,--
VLCC,3.7,1k,3.3k,31,15,101,--
Redcliffe Labs,4.5,1.1k,1.3k,37,11,60,33
Chandigarh University,4.5,1.1k,2.3k,55,36,109,6
Supreme Industries,4.2,1k,4.9k,59,--,121,3
Panasonic,4.1,1k,5.3k,40,--,150,--
Lavender Technology,5.0,1.1k,5,3,--,75,--
Asahi India Glass,3.9,996,4.5k,55,4,141,2
Ashoka Buildcon,4.1,993,3.8k,47,2,129,6
ITD Cementation India,4.3,976,3.7k,47,8,144,4
JioMart,3.9,1.1k,3.6k,81,--,78,6
Jindal X,3.5,1.1k,2.8k,86,23,166,1
TCS iON,4.0,1.1k,4.7k,249,1,188,1
Annapurna Finance,4.2,1k,3.1k,48,14,128,1
Sysnet Global Technologies,3.7,999,3.6k,55,3,86,--
NeoSOFT,4.0,1.3k,8.6k,158,59,159,6
Aye Finance,4.2,1.1k,2.8k,49,59,121,6
Godrej Group,4.0,1k,2.8k,99,1,165,3
Shadowfax Technologies,3.7,1.1k,5.1k,86,38,84,14
Granules India,3.9,1k,5k,53,5,172,--
Ocwen Financial Solutions,4.2,979,5.4k,43,8,173,--
Heritage Foods,4.1,1k,3.4k,66,28,144,--
GMR Group,4.1,1k,4.3k,59,--,188,--
Aptara,3.3,985,5.9k,57,18,118,4
Sanofi,4.4,1k,3.9k,56,179,155,--
HighRadius,3.0,1.1k,6.6k,136,33,98,13
GE,4.3,1k,8.4k,83,12,214,--
Compass Group Support Services,4.1,1k,4.6k,45,25,148,11
Adani Ports and SEZ,3.9,988,4.6k,57,--,144,4
MiraMed Ajuba,4.0,1k,4.3k,50,--,154,--
EPAM Systems,3.8,1.1k,12.7k,292,42,147,16
Bharat Forge,3.9,961,5.6k,45,2,123,--
Canara Bank,3.5,1k,3.3k,47,--,99,2
Spicejet,3.5,1k,5.1k,82,7,159,4
Spinny,3.9,1.1k,5.1k,133,100,109,--
Bharat FIH,4.0,1k,3.3k,60,--,58,--
Caterpillar Inc,4.2,1k,8.2k,125,49,145,7
Broadridge Financial Solutions,4.0,1k,9.8k,90,93,144,4
Unisys,3.8,974,9.9k,50,--,157,--
Evalueserve,3.4,1k,9.7k,76,36,145,2
AB InBev India,3.5,1k,6.7k,68,15,163,2
GE Vernova,4.2,1k,4.4k,64,--,9,1
NSE.IT,3.6,998,5.8k,100,10,122,--
Sharekhan,4.0,970,4.8k,57,33,119,--
Steel Strips Wheels,3.8,957,5.1k,56,7,132,6
Xiaomi,3.9,1k,5.3k,74,5,136,8
Edelweiss,3.8,982,7.6k,54,1,133,--
Vfs Global Services,3.7,969,3.9k,45,3,125,--
Lumax Industries,4.0,989,5.3k,57,3,133,2
Amity University,3.6,992,4.7k,79,1,127,--
Sagility,3.9,1.1k,5.1k,94,43,47,81
IFB,3.7,1k,4.7k,75,1,67,--
Pine Labs,3.7,1k,5.6k,68,17,120,1
Unichem Laboratories,3.9,979,4.8k,75,23,136,--
Bisleri,4.2,980,3.6k,66,25,152,5
NEC,4.6,1k,3.8k,41,13,137,55
Indoco Remedies,3.7,983,5.1k,56,3,118,--
Cinépolis,4.1,970,2.8k,41,6,154,--
Physicswallah,3.8,1.1k,3.5k,123,111,28,6
Newgen Software Technologies,3.6,1k,10.1k,133,26,167,8
CorroHealth,3.4,1k,4.4k,99,9,15,8
Tanishq,4.5,1k,2.6k,51,1,69,4
Synchrony,4.4,977,5.1k,51,19,205,23
Aircel,4.5,859,1.7k,6,--,154,--
Iffco Tokio General Insurance Co.,4.1,947,3.8k,32,2,118,5
Punjab National Bank,4.1,940,2.7k,32,--,98,2
Jakson Group,4.4,952,3.2k,61,6,106,2
Iksula,3.8,866,3.4k,25,10,113,5
Fino Payments Bank,4.0,957,3.7k,42,16,98,1
Northern Trust Operating Services,4.1,956,7.9k,85,71,226,--
LivSpace,3.5,1k,6.6k,101,112,107,3
SYSKA LED Lights,2.9,945,2.5k,53,--,85,--
Saipem,4.1,920,3.1k,39,2,154,19
ECIL,4.1,907,3.5k,38,2,110,2
Devyani International,3.9,953,3.1k,35,48,127,10
Valeo,4.1,968,7.1k,72,164,141,3
Aditya Birla Health Insurance Co,3.9,1k,5.3k,62,4,92,--
FDC,4.1,937,3.3k,41,1,94,5
Paytm Payments Bank,4.0,1k,5.9k,114,8,120,--
Tietoevry,4.3,966,9k,63,43,128,17
BVG India,4.0,918,3.4k,36,14,100,6
Health Care Global Enterprises,4.2,934,2.4k,43,34,30,3
Best Sellers,4.2,916,2.9k,23,2,134,2
Goldman Sachs,3.7,1k,15.4k,319,--,114,1
Suryoday Small Finance Bank,4.1,957,3.9k,58,19,88,--
VMware Software,4.5,986,10.2k,127,57,142,--
Sheenlac Paints,4.6,1.1k,1.4k,134,10,57,120
Burger King,4.0,946,3.2k,58,6,137,4
DISH TV,3.6,906,3.3k,43,6,101,1
AGS Transact Technologies,3.5,915,4.1k,24,10,131,1
SKF,4.0,893,4.2k,50,15,158,3
Foxconn,4.1,969,8k,97,2,212,1
Oil And Natural Gas Corporation,4.3,917,3.3k,58,--,146,2
Fidelity National Financial,3.8,919,6k,44,7,161,7
Wheelseye Technology,3.7,962,3.1k,67,33,104,6
DENSO,4.2,902,3.6k,55,--,192,6
Sansera Engineering,4.2,910,4.3k,53,11,116,2
Xyz Company,3.8,1.1k,28.1k,274,2,76,--
Apco Infratech,3.9,906,3.7k,87,5,112,7
ManpowerGroup,3.9,911,4.7k,37,99,81,11
SAI Life Sciences,3.9,954,4.9k,67,18,134,9
Tata 1mg,3.7,962,5k,108,37,107,21
Clover Infotech,3.7,936,9.9k,76,57,99,35
Shriram Pistons & Rings,4.1,880,4.3k,50,--,142,1
ANZ Banking Group,4.2,892,7.4k,71,27,116,--
QualityKiosk Technologies,3.7,935,9.3k,105,146,108,--
Dixon Technologies,4.2,910,4.5k,81,7,122,1
Gujarat Fluorochemicals,4.1,907,5k,58,--,150,3
Schindler,4.0,948,4.1k,57,13,122,--
Fresenius Kabi,4.2,888,4.2k,33,12,124,--
Atul,4.0,882,4.7k,65,4,120,--
Nexa,4.1,823,2.8k,26,--,77,--
Vibgyor High School,3.8,913,3.9k,52,137,111,--
The Jaypee Group,3.9,835,3.4k,36,1,115,1
K12 Techno Services,3.0,965,4.2k,102,98,67,1
Vestas,4.3,898,4.8k,64,1,144,6
Amneal Pharmaceuticals,4.3,882,5k,51,34,147,2
Hitachi Astemo,4.1,951,4.2k,82,2,136,2
EOSGlobe,3.1,921,3.3k,62,14,92,--
Altisource,3.6,861,4.9k,35,44,144,9
FOCUS EDUMATICS,3.4,936,2.4k,106,--,46,19
Amara Raja Energy & Mobility,4.3,954,3.6k,49,81,121,--
iSON Xperiences,3.6,914,3.2k,54,15,95,2
Tata AutoComp Systems,3.9,902,5.2k,65,16,108,1
Luminous Power Technologies,4.1,881,3.3k,54,33,126,--
Wistron,3.9,947,5.2k,74,2,150,2
Indegene,3.6,929,7.7k,124,36,130,16
CreditAccess Grameen,4.3,906,2.3k,29,5,71,7
TELUS International Philippines,3.8,933,7.1k,66,84,44,--
Infogain,3.6,911,10.1k,85,84,142,4
Patanjali Foods,4.0,866,2.9k,40,--,109,--
GAIL,4.5,847,3.1k,67,--,93,2
Medhaj Techno Concept,4.2,876,2k,43,7,168,78
Tenneco,3.8,863,4.5k,49,1,126,--
Jio Platforms,3.6,987,7.3k,134,2,70,--
IndiaFirst Life Insurance,4.1,924,3.5k,46,1,104,--
Infinx,3.6,915,4k,75,29,78,--
Videocon d2h,3.9,767,1.4k,21,--,105,--
Kantar,3.6,922,5.9k,82,--,82,--
Johnson Lifts,4.0,852,3.4k,28,3,95,1
Continental Automotive Components,4.2,899,8.3k,53,10,142,3
CSB Bank,3.4,929,5k,58,9,46,--
Eaton Corporation,4.0,891,6.8k,89,70,133,10
AIIMS,4.2,846,4.2k,41,--,68,13
Consolidated Contractors,4.5,794,1.4k,27,--,170,--
Wind World,4.0,850,3.3k,62,6,122,--
Bajaj Motors,3.9,824,3.3k,41,--,120,--
PharmEasy,3.7,906,4.6k,68,22,96,13
Piaggio,3.7,831,3.8k,45,5,129,3
Godrej Properties,3.7,921,5.8k,63,16,112,1
Mahindra CIE Automotive,3.8,845,3.8k,54,88,92,--
Bharat Sanchar Nigam,4.0,835,2.6k,29,--,104,--
TE Connectivity,4.1,880,5.9k,52,29,160,--
PNB Housing Finance,3.9,870,3.9k,35,7,90,--
Intertek,3.8,848,3.6k,36,22,116,2
Jaquar,4.1,880,4.2k,44,--,123,--
Zf Rane Automotive,4.1,830,3.7k,44,--,139,1
JW Marriott,4.1,804,2.2k,31,--,160,--
TUV SUD,4.0,845,3.5k,46,25,98,2
Automotive Manufacturers,4.2,841,5.7k,70,50,79,2
Godrej Consumer Products,4.2,839,4.1k,37,--,126,4
Gannon Dunkerley & Co.,3.9,762,2.2k,28,--,118,1
IIFL SAMASTA,4.1,894,2.3k,44,7,22,7
Mondelez International,4.4,862,4k,44,40,135,9
Capri Global Capital,3.7,893,3.2k,41,46,39,10
Worley,4.1,881,5.8k,83,117,128,--
JSW Cement,4.1,866,3.6k,79,--,110,12
Sahara India Pariwar,3.8,839,2.6k,23,--,107,5
Apexon,3.4,879,7.7k,80,158,27,1
Adobe,4.2,885,10.5k,185,12,176,1
Slk Software Services,3.5,865,8.5k,66,69,99,--
Spencer's Retail,3.9,836,2.9k,36,4,100,--
Karma Ayurveda,4.5,879,388,4,--,33,--
Punj Lloyd,4.4,745,1.9k,16,--,141,--
Dhoot Transmission,3.7,819,3.8k,46,--,116,1
Sonata Software,3.7,856,10.5k,87,40,89,--
Petrofac,4.4,795,2.7k,36,7,116,5
Morningstar,3.9,904,7.2k,197,106,126,3
Siemens Gamesa Renewable Power Private Limited,4.1,816,4.8k,41,62,106,1
R Systems International,3.4,864,7k,86,33,118,5
Hinduja Leyland Finance,4.1,895,2.4k,22,2,73,--
GAO Tek,4.5,1k,150,55,100,49,--
Hatsun Agro Product,4.0,839,4.1k,57,15,108,1
Shriram Life Insurance,3.8,834,3.4k,48,12,83,1
Urban Company,3.6,889,4.5k,88,63,112,11
Coca-Cola Company,4.3,814,2.9k,76,--,104,1
Tikona Infinet,3.7,775,3k,24,--,90,--
NSH,3.6,778,2k,22,--,108,--
Viraj Profiles,3.9,800,4k,61,2,156,--
Serco,4.4,781,1.5k,28,--,142,1
Nielsen,3.8,821,5.3k,69,--,132,6
HPCL-Mittal Energy Limited,4.3,802,4.2k,29,--,121,14
Episource,3.9,853,3.7k,201,2,84,2
Decathlon,4.0,854,3.5k,69,2,117,2
Thyrocare Technologies,3.6,847,4.1k,57,10,96,1
Podar International School,4.3,833,2.7k,53,--,121,8
Amazon Logistics,4.3,872,3.3k,63,--,87,5
RBL FinServe,4.1,845,2.7k,39,--,83,1
iQor Global Services,3.5,770,2.5k,18,14,115,6
Atos Global IT Solutions And Services,4.0,835,7.9k,69,43,107,10
Airtel Payments Bank,4.2,864,3.9k,57,12,116,2
OpenText Technologies,3.8,856,9.4k,105,39,110,3
Strides Pharma,3.9,802,3.9k,50,4,150,--
Arvind Lifestyle Brands,4.1,768,2.1k,9,--,3,--
Bajaj Housing Finance,3.8,855,4.8k,44,25,62,2
JK Lakshmi Cement,3.9,799,3.3k,46,--,100,1
Kirloskar Oil Engines,4.2,818,3.5k,39,3,107,1
Mando Automotive,3.9,788,4.6k,41,--,129,1
Sunknowledge Services,3.9,869,2.6k,46,5,230,--
iMerit,3.8,859,4k,74,23,104,--
MDIndia Health Insurance TPA,3.9,817,3.3k,48,8,89,3
PNC Infratech,4.0,794,3.1k,46,7,81,2
Sri Chaitanya Educational Institutions,3.9,777,2.9k,30,2,70,--
FastInfo,4.3,849,666,22,1,358,2
Shubham Housing Development Finance,4.0,816,2.7k,26,6,75,1
Altimetrik,3.8,868,8.6k,138,31,122,10
V5 Global Services,3.9,840,2.8k,48,42,76,2
Kendriya Vidyalaya Sangathan,4.4,760,1.6k,69,--,63,1
Parexel International,4.0,811,5.3k,62,6,130,4
Ion Exchange India,3.9,803,4.1k,45,19,91,3
Onward Technologies Inc,3.2,788,5.5k,55,58,47,16
BGR Energy Systems,3.9,781,3.9k,39,--,124,--
Jubilant Pharmova,4.0,775,3.9k,52,39,117,5
Barbeque Nation,4.0,782,2.5k,27,6,121,9
Aarvee Associates,4.0,774,3k,59,6,105,2
NTT DATA Business Solutions,3.8,869,8.7k,56,--,18,--
DCM Shriram,4.3,807,4k,63,26,128,--
Volkswagen,4.2,726,3.3k,30,1,104,15
Novo Nordisk,4.1,812,5k,67,141,137,10
Muthoot Microfin,4.5,819,2k,23,11,68,15
Rockman Industries,3.9,779,3.5k,66,12,104,2
ReNew,4.3,839,4.2k,60,66,100,3
Intel,4.3,828,7.9k,159,320,102,8
Jacobs Engineering Group,4.1,805,4.6k,53,10,98,1
The Ramco Cements,4.3,797,3.2k,38,--,101,--
XcelServ Solutions,4.6,813,484,7,--,28,--
Edelweiss Tokio Life Insurance,3.8,791,3.6k,33,3,94,1
Softenger,4.3,799,2.4k,37,3,169,12
Chetu,3.3,839,7.4k,134,8,122,23
Evision Technoserve,4.7,809,221,15,--,41,--
Nippon Paint India,4.1,814,3.5k,42,5,89,2
Medplus(optival Health Solutions),3.6,814,3.2k,57,22,61,1
OM Logistics,4.1,766,3k,47,13,103,1
Aerial Telecom Solutions,4.5,792,1.8k,32,47,35,1
Lemon Tree Hotels,4.2,740,2.6k,34,--,143,--
Power Grid Corporation of India,4.4,777,2k,53,--,83,4
Pristyn Care,3.7,848,3.6k,56,44,173,--
1point1 Solutions,3.4,791,3k,60,58,90,2
Vertex Customer Solutions,3.6,669,1.6k,9,1,89,1
Vistaar Finance,4.2,762,2k,22,1,137,3
Provana,3.7,819,3.1k,50,5,271,4
Hyundai Mobis,3.9,789,4.5k,49,1,143,--
V2 Retail,3.6,754,2.2k,45,11,90,11
Ceasefire Industries,3.3,767,2.6k,75,9,77,--
Capacit'e Infraprojects,3.6,700,3.2k,46,6,67,--
TechnipFMC,4.0,754,5.1k,57,--,112,--
Unicharm,4.2,748,2.4k,43,4,113,--
Brillio,3.5,801,8.8k,92,53,85,5
ThyssenKrupp Industries India,4.2,751,4.3k,48,--,93,2
Nykaa,3.5,810,5k,76,25,61,3
Kotak Mahindra Prime,4.0,779,3.9k,41,--,69,--
GEP Worldwide,3.8,829,7.2k,90,6,134,10
Hindustan Zinc,3.9,761,4.2k,40,--,107,--
Qualcomm,4.0,804,10.8k,204,602,153,1
Happiest Minds Technologies,3.9,794,9.3k,85,8,96,9
More Supermarket,3.8,800,3.1k,54,--,59,--
TEKsystems,3.5,785,8.5k,75,26,86,2
CarDekho,3.7,785,4.4k,55,136,113,20
ZF Steering Gear,3.8,758,5.5k,30,8,104,1
Dana Anand,4.2,747,2.8k,35,--,132,--
Hathway,3.7,728,3.5k,36,1,79,--
CenturyPly,4.0,743,3.4k,46,5,56,6
Colliers International,4.0,751,4.1k,46,16,81,--
Intex Technologies,3.7,689,1.7k,13,--,100,--
Acuity Knowledge Partners,3.5,800,8k,100,100,87,14
Stanza Living,3.1,796,3.2k,69,62,62,16
Karur Vysya Bank,3.7,769,3.6k,42,47,61,--
Tube Investments of India,4.0,731,2.9k,32,23,60,5
Reliance AJIO,3.8,792,2.6k,58,--,103,--
United Alliance Technology,4.9,777,32,5,--,99,--
TK Elevator,4.1,710,3.5k,39,1,102,--
Aditya Birla Finance,3.9,789,4.5k,30,4,53,4
TradeIndia (Infocom Network Private Limited),3.5,747,4.4k,58,59,59,28
Pizza Hut,4.0,737,2.1k,36,--,85,11
Bosch Chassis Systems,4.2,710,2.7k,30,--,120,--
Feedback Infrastructure Services,3.5,727,3k,34,--,92,--
Apotex Research,4.2,707,2.6k,20,4,113,--
Imperial Auto Industries,3.8,734,4.1k,45,4,70,6
Rashmi Metaliks,3.6,758,3.6k,53,15,70,5
Spandana Sphoorty Financial,3.7,744,2.1k,30,16,80,2
Secure Meters,4.1,734,4k,52,53,108,8
Syngenta,4.3,758,3.2k,47,51,92,5
Kirloskar Brothers,4.1,752,3.9k,51,--,103,11
Diageo,4.0,754,5.4k,51,27,109,2
Colgate Palmolive,4.2,740,3.8k,53,1,123,--
Sundaram Finance,4.2,734,2.8k,27,24,89,7
Fidelity Investments,4.3,800,8k,62,2,174,--
Genius Consultants,3.9,748,3.6k,38,10,77,--
H.G. Infra Engineering,4.4,755,2.4k,60,--,93,--
Ahluwalia Contracts India,4.1,726,2.8k,33,6,73,2
Kinara Capital,4.5,803,1.8k,54,41,156,39
Pricol,4.0,719,4k,34,6,97,15
Dassault Systemes,4.0,772,6k,111,1,148,5
PayPal,3.9,804,7.4k,155,59,126,6
Orchids International School,3.1,769,3.2k,79,5,55,--
Nilkamal,3.9,724,3.2k,39,6,87,--
Tata Chemicals,4.2,685,2.7k,50,25,140,8
Sundaram Clayton,4.1,712,2.9k,19,1,97,--
Shalby Hospitals,4.6,773,1.9k,26,39,55,1
CALIBEHR,4.0,750,2.5k,50,5,62,--
VIP Industries,4.0,721,3k,28,6,92,2
Incedo,3.4,772,7.8k,114,34,120,17
FLSmidth,3.7,735,4.4k,29,29,115,1
JTEKT,4.2,742,3.7k,49,--,99,--
Gmmco,4.2,709,2.5k,28,3,116,1
Visionet Systems,3.2,742,5.2k,50,28,93,--
Fusion Microfinance,4.1,746,2.3k,31,21,76,2
eClinicalWorks,3.9,743,4.9k,44,13,172,1
Mahindra First Choice Wheels,3.8,713,3.2k,32,6,78,--
Air India,4.0,738,3.5k,81,22,124,--
Egis  India Consulting Engineers,4.2,705,2.5k,44,--,104,--
SLK Global Services,3.9,701,3.4k,25,1,102,--
AstraZeneca,4.2,713,6k,32,3,168,--
Perfetti Van Melle,4.4,702,2.4k,21,9,99,2
Nirma,4.3,670,3k,34,1,126,1
MakeMyTrip,3.7,730,6.3k,80,74,100,11
KIMS Hospital,4.1,713,2.8k,24,--,79,--
Next Education India,3.8,712,3.1k,35,6,126,--
VeeTechnologies,3.9,732,4.2k,57,95,81,--
Pacific BPO,3.6,746,3.7k,50,25,75,6
LOREAL,4.1,718,3.5k,50,28,107,1
Caratlane Trading,4.3,758,2k,41,9,91,25
Hikal,4.0,708,4k,51,27,90,--
MAHLE ANAND Filter Systems,4.2,705,3.1k,26,--,121,--
Teva Pharmaceuticals,4.2,721,4k,51,14,138,--
INDO-MIM,4.3,686,3.6k,38,4,122,--
Capital Numbers Infotech,4.7,739,932,24,1,103,131
Birla Corporation,4.2,715,3.2k,47,--,87,2
HFCL,4.2,708,3.4k,43,--,89,2
Vedanta Aluminium,3.9,726,4k,37,--,118,2
Fluor Corporation,4.3,638,2k,18,--,12,--
Prodapt,3.8,737,7.1k,71,30,82,11
C&S Electric,4.0,691,3.5k,35,12,96,13
Webhelp,3.8,743,4.6k,54,--,98,3
SitusAMC,3.3,736,4.2k,55,28,47,--
ICICI Prudential Mutual Fund,3.8,719,4.6k,49,--,87,--
CADD Centre Training Services,4.1,637,2.5k,23,13,95,--
Zoho,4.3,765,6.9k,281,1,130,22
Pernod Ricard,3.9,709,3.9k,36,--,117,6
Metropolis Healthcare,4.1,686,3k,38,25,73,1
Future Focus Infotech,3.6,680,4.6k,40,--,50,--
Patra Corporation,3.8,719,3.6k,55,9,83,--
Uber,4.2,716,7k,107,--,106,12
Troikaa Pharmaceuticals,3.8,688,3k,47,40,85,--
Mu Sigma,2.8,764,6.6k,154,1,124,11
Better.com,3.0,723,4k,44,19,123,--
Air India Sats Airport Services,3.8,684,2k,44,--,69,--
Orion Edutech,3.3,659,2k,17,--,78,--
Ford Business Solutions,4.5,713,3.3k,37,61,32,--
SBFC Finance,3.8,736,2.4k,41,47,52,5
TNQ Technologies,3.6,689,3.5k,44,5,82,--
Skill Lync,3.1,726,3.5k,83,24,32,4
Thomas Cook,3.9,663,4k,31,--,92,--
Otis Elevator,4.0,677,3.4k,37,123,91,3
Wheels,4.1,675,4.6k,44,2,84,--
Neel Metal Products,4.1,648,2.8k,31,--,72,4
Amara Raja Group,4.2,704,3.1k,57,2,109,--
C.R.I. Pumps,3.9,639,2.8k,21,24,79,2
Indira IVF Hospital,4.0,684,2.4k,35,47,79,1
Centre for Development of Advanced Computing,3.9,700,5k,66,--,63,--
GVPR Engineers,4.0,677,2.6k,48,5,146,--
Schaeffler India,4.2,677,4.3k,35,--,116,7
Yashoda Hospitals,3.9,652,3.2k,31,35,85,--
Quest Retail Private Limited,4.5,698,777,9,1,248,61
Federal Bank,3.9,687,4.2k,104,--,74,--
Test Yantra Software Solutions,3.4,725,19.8k,92,9,138,--
Toppr,3.4,672,4.2k,69,50,98,12
Leadec India,4.0,666,3.2k,50,11,91,13
Willis Towers Watson,3.9,682,6.2k,65,23,102,--
Pramerica Life Insurance,4.0,666,2.6k,23,81,71,--
Vertiv,4.0,657,3.1k,38,64,12,4
Bank of India,4.0,667,2.6k,40,1,92,11
Aarvi Encon,4.1,666,2.5k,47,4,68,3
Aviva Life Insurance India,3.6,659,2.5k,22,5,63,--
Huhtamaki,3.9,652,2.7k,16,17,89,--
Alok Industries,3.8,644,2.9k,33,2,84,--
Meril,3.9,677,3.5k,39,38,76,19
Shriram General Insurance,3.7,659,2.8k,27,4,54,--
Suzuki Motorcycle,4.1,657,3.6k,26,1,93,1
Gharda Chemicals,4.2,653,3.7k,37,6,110,--
Everest Industries,4.1,651,2.8k,32,13,90,2
Grant Thornton,3.7,674,8.5k,81,76,87,--
Napino Auto & Electronics,4.1,659,3.5k,39,5,81,2
Centum Electronics,3.9,645,3.7k,18,8,113,--
Dunzo,3.5,703,3.3k,65,7,28,5
DLF,4.0,664,3.5k,62,10,72,5
Digit Insurance,4.0,713,3.5k,59,26,105,16
Marks & Spencer,4.0,672,2.7k,25,14,122,--
Lakshmi Machine Works,4.0,661,3.6k,41,--,69,3
Godrej Agrovet,4.1,654,2.9k,36,--,81,2
Zydus Wellness,3.9,705,2.2k,45,9,77,8
Aspire Systems,4.0,693,8.1k,78,37,92,15
Columbia Asia,4.4,590,2k,18,--,101,--
THE LEELA PALACES HOTELS & RESORTS,4.0,627,2.3k,24,1,109,--
Rupeek,3.7,695,3.1k,46,28,55,--
Westside,4.2,667,1.8k,28,--,78,2
Aparna Constructions and Estates,4.1,668,3k,72,42,96,22
HT Media,3.4,650,4.6k,38,42,89,6
Sykes Business Services Of India,3.4,668,2.8k,51,14,221,33
Sandhar Technologies,3.9,645,3.2k,39,19,79,2
Parekh Integrated Services,4.1,639,2.6k,27,10,94,--
Bechtel,4.1,632,2.8k,53,3,93,2
Allianz Technology,4.3,702,5.9k,53,--,122,6
Kohler,3.9,676,3.9k,35,43,83,9
Duck Creek Technologies,4.5,676,1.1k,8,18,414,--
Star Cement,4.1,644,2.7k,54,3,91,--
Greaves Cotton,4.1,633,2.7k,18,4,98,--
Vedanta Resources,3.9,667,5.1k,81,--,101,--
Knorr-Bremse,4.1,652,3.7k,42,12,124,--
Natco Pharma,4.1,642,3.1k,38,10,89,1
KEI Industries,4.2,627,2.9k,42,--,90,--
Timken,3.9,648,3.7k,34,3,110,8
Panacea Biotec,3.9,619,2.5k,48,5,101,--
ffreedom app,3.6,683,1.3k,54,20,3,12
Godfrey Phillips India,4.1,630,2.8k,27,--,106,--
Samsung Engineering,4.2,610,2.3k,46,--,119,1
National Health Mission,3.7,609,2.1k,23,--,54,1
United Breweries,3.9,637,3.1k,30,1,97,--
Varroc Polymers,3.9,635,2.9k,36,--,85,--
Medha Servo Drives,4.3,631,2.5k,56,1,111,--
SHYAM METALICS AND ENERGY,3.7,675,2.9k,64,9,49,1
Asirvad Microfinance,4.0,672,1.8k,21,--,60,3
Franklin Templeton Investments,4.2,623,4.4k,19,78,82,4
NielsenIQ,3.9,721,4.6k,106,14,63,5
Samsung Research,3.4,710,6.8k,76,3,165,--
Atlas Copco,4.3,637,4.1k,60,42,103,--
Page Industries,4.2,649,3.1k,32,--,83,2
Defence Research & Development Organisation,4.5,634,3.3k,46,--,90,--
LEAD School,3.3,696,2.9k,78,22,78,2
Astral Pipe,4.3,668,2.7k,49,20,34,2
Greenko Group,3.9,620,3.1k,36,3,101,2
ValueMomentum,3.3,671,7.5k,59,33,59,20
Infra.Market,4.2,691,2.1k,38,33,43,14
Tata Consumer Products,3.9,664,3.4k,48,13,67,3
Piramal Pharma,4.0,700,3.9k,69,278,105,3
Indusind Marketing & Financial Services,4.0,630,1.9k,21,--,60,--
T-SYSTEMS ICT INDIA,3.9,693,6.5k,62,28,97,2
Bayer Crop Science Vegetable Seeds,4.4,603,569,21,1,7,--
Precision Techserve,3.8,636,3.1k,32,2,28,--
Qinecsa Solutions,2.9,650,3.1k,51,22,2,--
NetAmbit,3.4,645,2.6k,59,35,36,5
Aristo Pharmaceuticals,4.1,620,2.2k,27,--,65,--
Adani Green Energy,4.2,669,3.6k,64,1,82,2
Kalpataru Group,3.9,652,3.7k,37,13,83,1
SFO Technologies,3.6,626,4k,25,--,66,3
Future Supply Chain Solutions,4.4,593,2.9k,21,--,92,1
Rebel Foods,3.8,674,2.9k,48,27,65,1
Financial Software & Systems,3.8,620,5.2k,44,6,63,1
Acme Cleantech Solutions,4.0,546,2.4k,44,8,98,1
Northern Trust,3.8,693,6k,62,2,9,15
Salesforce,4.1,687,8.4k,196,149,119,18
Galfar,4.1,592,1.8k,24,--,86,--
Cult.fit,3.8,691,3.6k,56,96,90,10
Innova Solutions,3.7,676,5.6k,60,95,27,1
Lumina Datamatics,3.5,635,4.1k,44,11,53,1
Mswipe Technologies,3.2,621,2.8k,27,19,56,3
Velocis Systems,3.9,618,4.7k,47,10,56,--
AtkinsRealis,4.2,584,1.5k,26,143,94,--
Michelin,3.9,637,4.2k,43,41,114,--
Snapdeal,4.0,588,3k,70,14,124,12
Prochant,4.4,692,1.5k,32,46,113,24
Citco,3.1,676,5.5k,94,6,57,--
Fareportal,3.3,642,3.9k,21,26,111,--
General Mills,4.2,636,4.2k,54,--,126,--
City Union Bank,3.4,672,4.2k,59,--,61,6
Lowe's,4.2,670,7.4k,84,2,137,2
CNH,4.2,654,3.4k,41,--,91,24
NBC Bearings,3.9,642,2.8k,63,2,51,5
Nityo Infotech,3.1,630,4.8k,37,204,48,--
Quess IT Staffing Solutions,3.5,588,2k,28,33,9,--
J B Chemicals And Pharmaceuticals,3.9,631,2.6k,38,2,86,--
Athena BPO,3.3,626,2.5k,41,4,64,4
NetCracker,3.0,651,7.9k,87,1,95,12
Netscribes,2.9,644,3k,66,26,74,10
Royal Sundaram General Insurance,4.0,624,2.6k,19,1,65,6
Bayer,4.2,618,3.9k,40,--,133,--
ICCS,3.3,632,2.5k,46,38,50,21
Sanden Vikas,4.0,604,2.8k,36,--,78,1
Karvy Stock Broking,3.6,579,2.8k,7,3,74,--
Musashi Auto Parts,4.0,573,2.7k,20,--,76,--
GAMMON INDIA,3.8,530,1.4k,28,--,74,--
Aparajitha Corporate Services,4.0,603,2.5k,21,1,60,--
DuPont,4.1,584,3.3k,34,--,92,1
Hitachi Payment Services,3.8,617,2.7k,28,--,64,--
Shilpa Medicare,3.6,612,3.7k,46,1,55,9
Sandvik Asia,4.3,563,1.9k,28,--,99,11
Collins Aerospace,4.1,635,6.2k,51,26,111,5
Border Security Force,4.5,587,1.3k,12,--,85,--
OCS Group,4.0,581,2.4k,22,2,57,--
Jabil Circuit India,4.0,622,3.1k,36,23,78,2
Artech Infosystems,3.6,614,3.9k,47,86,76,1
Tata Electronics,4.0,689,3.7k,100,--,70,1
Temenos,3.3,642,7.6k,55,10,60,12
Signify,3.6,612,3.8k,39,1,84,2
Knight Frank,4.2,602,2.9k,38,7,80,--
Merino Industries,3.9,603,2.9k,44,9,77,20
Medusind Solutions,3.9,617,2.9k,24,29,103,--
OLX,3.8,612,3.7k,50,26,116,--
Schlumberger,4.1,608,4.8k,107,1,126,13
Genpact Headstrong Capital Markets,3.8,607,6k,83,--,--,--
Navayuga Engineering Company,4.1,565,2.2k,33,10,90,1
Zepto,3.7,672,2.8k,61,138,34,--
Tata Starbucks,4.3,602,1.7k,32,169,113,7
DAV Public School,4.1,574,1.4k,22,--,83,2
ESL Steel,4.1,565,2.4k,27,--,97,--
Micromax Informatics,3.7,533,1.6k,20,--,97,--
HomeLane,3.5,631,3.6k,68,23,70,6
Adani Enterprises,3.8,616,3.7k,58,4,84,--
Mastek,3.7,634,5.9k,83,20,49,--
Porter,4.2,635,2.3k,60,28,58,5
Arohan Financial Services,4.1,603,2k,22,14,61,4
Xebia,3.5,635,4.2k,53,36,239,35
Ageas Federal Life Insurance,3.7,586,2.1k,34,26,70,3
Quantiphi Analytics Solutions Private Limited,3.1,650,5.5k,122,57,65,--
Volvo,4.1,579,4.7k,41,10,97,4
The Akshaya Patra Foundation,4.6,712,1.9k,31,12,65,48
Reliance Power,4.2,660,3.2k,36,2,70,3
Eveready Industries,4.0,560,2.3k,29,--,87,1
AuthBridge Research Services,3.8,623,3k,36,26,65,7
Rungta Mines,4.2,619,3.1k,63,--,60,--
Guardian India,4.1,611,3.9k,47,10,98,10
BNP Paribas India Solutions,4.0,606,6.8k,49,--,116,--
GlaxoSmithKline Consumer Healthcare,4.5,549,2.1k,22,--,86,--
RAMTeCH Software Solutions,3.9,574,2.9k,27,6,59,--
Amul Dairy,4.2,588,1.8k,47,--,39,1
TÜV NORD,3.8,588,3.4k,55,--,67,--
Globant,4.0,642,7k,116,43,105,--
CRB Tech Solution,4.1,600,548,11,--,41,--
Dhani Services,3.5,552,2k,17,22,8,--
Svatantra Microfin,4.2,614,1.6k,23,14,76,4
Prism Johnson,4.0,607,3.7k,37,--,66,3
First Advantage,3.9,584,6.3k,19,21,61,5
Amphenol Interconnect,4.2,577,3k,25,4,80,1
Kutumbh Care,3.9,571,1.7k,33,--,57,2
Kurlon,4.3,559,2.3k,31,--,91,--
IMPACT Infotech,3.6,577,2.5k,29,--,81,--
Bridge & Roof Co,3.6,526,2.9k,23,--,101,--
Salcomp Manufacturing,4.2,597,3.2k,48,--,77,--
Veradigm,4.1,579,3.8k,37,56,6,--
GirnarSoft,3.6,576,3.8k,29,28,100,--
Steag Energy Services,4.2,549,2.8k,25,16,100,--
NoBrokerHOOD,3.4,612,1.7k,43,60,217,2
ICA Edu Skills,3.8,542,1.6k,27,22,62,--
GE Healthcare,4.2,611,5.2k,58,3,105,4
Deccan Fine Chemicals,3.7,599,3.7k,52,2,68,--
ACL Digital,3.6,597,5.7k,60,27,47,--
Jaya Hind Industries,3.8,553,2.4k,41,--,64,--
Deepak Fertilisers and Petrochemicals,3.9,583,3k,27,14,83,14
Edubridge Learning,4.1,674,1.3k,30,5,180,11
Bitwise Solutions,4.2,598,4.2k,34,9,134,--
McDermott International,4.2,560,3.6k,41,92,79,--
Carnival Cruise Lines,4.5,562,805,11,--,79,2
Transsion,4.2,540,2.8k,28,5,74,4
Indium Software,4.2,667,4.8k,85,171,67,6
Bpo Convergence,3.6,588,1.8k,42,--,36,4
Ashirvad Pipes,4.1,581,2.5k,40,16,93,1
Advik Hi Tech,3.8,552,2.8k,33,2,69,8
Medlife,3.7,528,3.3k,26,1,61,6
Tata Hitachi Construction Machinery,4.1,571,2.8k,44,--,84,--
Embibe,3.7,620,2.7k,54,18,97,39
Simplilearn,3.2,599,4.4k,78,135,53,8
Union Bank of India,4.1,585,2.6k,24,--,72,6
Fractal Analytics,4.1,610,6.4k,131,8,108,14
Silaris Informations,3.2,585,2.4k,36,3,54,1
TCNS Clothing Company,4.1,573,1.8k,13,8,64,--
Swaraj Tractors,4.2,569,4.2k,30,--,120,8
Comviva Technology,3.4,572,5.3k,50,17,80,--
Amazon Services,4.2,541,2.9k,30,--,9,2
H&M,4.0,573,2.4k,46,--,76,5
L&T Power,3.9,562,3.7k,26,--,108,--
Amazon Web Services,4.0,609,5k,136,--,82,--
Citigroup,3.7,599,8.5k,70,7,57,--
Varthana,4.4,571,1.1k,31,9,61,11
Times Internet,3.6,568,5.5k,50,133,73,11
Ugam Solution,3.7,560,4.2k,41,7,102,1
Baxter International,4.1,553,3.1k,33,3,93,--
Flash Electronics,3.7,535,2.3k,26,--,69,--
Lumen Technologies,4.0,565,4.6k,41,--,107,2
Lea Associates South Asia,4.3,555,1.7k,18,1,83,7
Telenor,4.5,498,695,5,--,109,6
The Lalit,3.8,496,1.8k,15,4,83,--
Re Sustainability Limited,4.0,576,2.5k,34,12,80,1
Nippon Life India Asset Management,4.7,567,1.4k,13,6,28,--
Wipro Infrastructure Engineering,3.8,555,3.7k,49,--,90,1
IFFCO,4.1,552,1.8k,34,--,90,2
Rallis India,4.3,568,2.3k,33,1,85,1
Engineers India,4.3,540,3.2k,58,--,80,2
Cogoport,3.0,587,1.8k,46,5,37,--
HP India,4.3,579,2.9k,98,5,59,1
Primus Global Technologies,4.1,567,2.6k,20,18,64,--
Rodic Consultants,4.3,537,1.8k,27,2,71,--
Chennai Radha Engineering Works,4.0,535,2.2k,17,5,97,--
Pratap Technocrats,4.0,554,1.8k,16,--,39,--
Hitachi Systems Micro Clinic,4.0,545,3.3k,23,16,73,--
Tata Cummins,4.5,595,857,45,--,3,--
CSM Technologies,4.5,574,1.5k,23,47,44,20
Eris Lifesciences,3.8,572,2.1k,28,14,78,--
MattsenKumar,3.6,570,2.5k,30,7,86,1
Rico Auto Industries,3.8,549,3.1k,31,--,52,--
Finolex Cables,3.9,536,2.5k,32,10,48,--
Balkrishna Industries,4.1,542,2.7k,33,--,49,--
Denave,3.7,541,2.6k,30,74,81,1
Government of India,4.3,544,3.9k,45,--,84,1
MG Motor,4.0,598,3.6k,49,8,73,--
Astral Adhesives,4.1,556,1.7k,29,26,63,2
Shaktiman Tirth Agro Technology,4.2,545,2.5k,36,--,91,1
Rohan Builders,4.2,541,1.9k,34,18,64,1
Wonder Cement,4.2,568,2.9k,39,142,62,3
Caparo Engineering India,4.0,523,2.7k,23,--,66,1
Crowne Plaza,4.1,513,1.5k,18,--,114,--
EMERSON PROCESS MANAGEMENT,4.1,553,4.1k,35,--,86,4
India Cements,3.8,545,2.4k,41,1,63,1
Biba Apparels,3.9,543,2.1k,32,3,65,1
Naukri,4.0,598,2.5k,148,10,119,15
Ups Logistics,4.0,544,3.2k,42,88,84,--
PUMA,4.3,539,2.3k,36,53,85,--
Indo Autotech,3.8,532,2.6k,27,1,67,1
Skipper,3.8,524,2.4k,24,11,62,3
Central Industrial Security Force,4.5,523,1.6k,12,--,81,1
Hindustan Sanitaryware & Industries,4.1,507,2.5k,20,--,96,--
DP World,4.1,572,2.9k,41,99,65,1
Sharda Motor Industries,3.8,534,2.6k,35,11,88,1
Religare,3.9,533,2.5k,18,25,31,--
Redington,4.0,518,3k,21,--,67,--
Integreon,3.5,537,3.5k,35,54,94,--
JSW Group,4.1,561,3.5k,87,--,62,11
Progressive Infotech,3.5,543,2.8k,31,20,69,7
TDK India,4.0,537,2.2k,26,--,58,9
Neeyamo Enterprise Solutions,3.7,557,3.8k,35,--,70,--
Target,4.3,556,4.6k,74,98,85,--
Isuzu Motors,4.0,534,2.7k,30,--,97,--
Rane (Madras),4.0,530,2k,28,--,66,--
Toyo Engineeering,3.9,530,3.2k,42,2,83,8
Accolite,3.5,577,5.6k,151,108,121,16
Nlb Services,4.0,568,3k,23,23,77,5
Xceedance,3.7,562,4.7k,74,3,79,--
KGISL,3.2,562,4.8k,55,3,122,5
Investors Clinic,3.8,577,1.7k,37,15,33,--
Fleetguard Filters,4.2,544,2.2k,34,2,62,1
MALABAR GOLD AND DIAMONDS,4.2,532,1.7k,48,153,69,21
Zuventus Healthcare,3.9,530,1.8k,30,71,62,1
VA Tech Wabag,4.0,525,2.7k,35,27,89,6
NSB Bpo Solutions,2.9,521,1.6k,26,1,40,1
Ramco Systems,3.5,542,5.1k,32,12,67,12
CMS Computers Limited (INDIA),3.9,515,2.9k,29,15,52,1
HIL,4.2,552,2.2k,37,5,69,--
SKH Metals,4.1,543,2.3k,38,10,63,--
LifeCell International,3.5,532,2.5k,35,23,75,--
Magna International,4.0,552,4k,32,4,72,--
Fortrea Development India Private Limited,4.1,540,4k,62,--,58,3
Ukb Electronics,4.2,547,2k,38,1,106,8
Ingram Micro,3.9,514,3.3k,19,36,68,--
Bses Rajdhani Power,3.8,499,2.3k,27,1,63,--
Radical Minds,2.9,555,2.4k,47,7,37,1
FIITJEE,3.5,548,2.1k,38,14,61,7
ICON Plc,4.2,544,3k,50,74,64,69
Tafe Motors & Tractors,4.0,543,2.2k,32,3,27,--
Sunbeam Auto,3.7,532,2.7k,35,--,56,--
MagicBricks,3.2,540,3.9k,37,41,68,8
Shyam Steel Industries,3.7,532,2.8k,37,4,54,1
Bharti Infratel,4.3,494,1.6k,4,--,74,3
uFaber,2.8,564,1.3k,42,90,58,3
IVY Comptech,4.0,556,5.5k,76,--,100,--
Innodata India Private Limited,3.2,524,1.9k,59,6,54,--
HSBC Bank,4.1,528,3.6k,19,--,23,--
KMV Projects,4.2,512,2k,16,--,86,--
Unimoni,3.8,494,3.1k,14,4,26,--
Ivrcl Infrastructures & Projects,4.3,446,975,4,9,79,--
MasterCard,4.1,558,7.3k,86,3,105,--
Linde India,4.1,523,3.2k,36,7,90,--
JK Paper,4.1,522,2.4k,38,4,77,--
Somany Ceramics,4.3,519,2.3k,10,--,69,--
Ag Industries,4.0,513,2.8k,34,--,59,--
Microtek International,3.7,531,2.4k,31,9,59,--
Ihg Group,4.0,518,2.7k,31,52,100,--
Csc E Governance Services,3.9,514,1.7k,26,5,42,2
Hitachi,4.1,536,3.8k,62,324,66,9
Ienergizer BPO Services,4.2,552,1.5k,56,--,51,2
Integra Software Services,4.0,544,2.5k,23,12,46,--
Zetwerk Manufacturing Businesses,4.1,566,2.6k,59,19,59,143
Epsilon,4.0,546,6.4k,59,14,99,7
Vijay Sales,4.2,539,2.2k,35,1,60,1
Thriveni Earthmovers,4.1,515,2.3k,37,--,90,1
Petpooja,4.4,549,908,34,16,83,19
Orient Electric,4.0,532,2.6k,33,81,52,--
Jain Irrigation Systems,4.0,486,2.2k,17,1,52,--
India Shelter Finance Corporation,4.1,521,2k,23,--,36,--
Mott MacDonald,4.3,513,2.2k,33,1,49,7
National Informatics Centre,4.2,498,4k,31,--,24,--
Sintex Industries,4.1,474,2.3k,18,2,56,--
Marsh McLennan,4.1,536,5.7k,25,--,75,--
Baroda Global Shared Services,4.0,557,2.3k,38,27,29,2
McKinsey & Company,4.0,536,7.4k,227,3,75,5
Sun Life Financial,4.3,523,3.8k,34,47,126,10
Epicenter Technologies,3.6,516,2.3k,33,4,81,--
Rentokil Pest Control,3.8,511,1.9k,25,47,74,--
Parag Milk Foods,4.3,609,2.3k,37,13,57,1
India Japan Lighting,3.9,12,2.3k,34,--,73,--
Royal Caribbean International,3.5,49,804,15,--,64,2
eTeam,3.3,547,3k,28,10,38,--
Sutherland Healthcare Solutions,3.9,520,3.2k,31,--,54,--
Titan Eye Plus,4.3,509,1.4k,25,--,59,1
Raychem RPG,4.0,500,2.3k,20,--,100,6
Omaxe,4.1,470,2.1k,26,1,54,--
Trimax IT Infrastructure Services,3.5,460,1.6k,12,--,36,--
ACTE,4.8,543,67,6,--,187,--
KaaShiv InfoTech Company,4.9,550,213,13,--,11,--
Greenlam Industries,4.2,534,2.2k,31,--,52,--
Hapag-Lloyd,3.9,524,2.7k,20,4,77,--
Micro Turners,3.9,493,2.3k,24,1,50,--
United Spirits,4.0,466,1.8k,11,--,73,--
Cigniti Technologies,3.9,521,6.1k,53,160,52,16
Deepak Nitrite,3.9,498,2.8k,36,14,73,--
Sl Lumax,3.5,493,2.4k,19,--,93,--
Crompton Greaves Consumer Electricals,3.8,549,2.8k,24,1,7,--
Lovely Professional University,3.5,523,1.8k,45,99,52,--
Creambell,4.1,504,1.9k,23,7,76,--
Progressive Infovision,4.3,524,898,18,--,75,--
Atkins,3.9,510,6.1k,50,4,82,11
MPS Limited,4.0,502,2.8k,14,26,49,20
Amway India Enterprises,4.1,478,2.1k,15,4,86,1
mPokket,4.3,574,850,51,5,16,25
Experis IT,3.2,498,3.2k,34,26,37,--
Mynd Solutions Private,3.7,481,3.1k,23,25,44,--
Care Hospital,4.2,479,1.8k,21,14,70,1
Jaro Education,2.6,522,2.1k,105,113,57,--
Bikanervala,4.0,500,2k,13,1,64,--
Aequs,3.7,494,3k,21,14,50,--
